player,pick
CARLOS,Cincinnati Bengals
CARLOS,Tennessee Titans
CARLOS,Buffalo Bills
CARLOS,Kansas City Chiefs
CARLOS,Denver Broncos
CARLOS,Las Vegas Raiders
CARLOS,New York Jets
CARLOS,Chicago Bears
CARLOS,New Orleans Saints
CARLOS,Philadelphia Eagles
CARLOS,San Francisco 49ers
CARLOS,Dallas Cowbovs
CARLOS,Green Bav Packers
CARLOS,Los Angeles Rams
CERJO,Cincinnati Bengals
CERJO,Jacksonville Jaguars
CERJO,Buffalo Bills
CERJO,Kansas City Chiefs
CERJO,Baltimore Ravens
CERJO,Los Angeles Chargers
CERJO,New York Jets
CERJO,Minnesota Vikings
CERJO,Atlanta Falcons
CERJO,Philadelphia Eagles
CERJO,San Francisco 49ers
CERJO,New York Giants
CERJO,Detroit Lions
CERJO,Seattle Seahawks
DUDIS,Cincinnati Bengals
DUDIS,Jacksonville Jaguars
DUDIS,Buffalo Bills
DUDIS,Kansas City Chiefs
DUDIS,Baltimore Ravens
DUDIS,Miami Dolphins
DUDIS,New York Jets
DUDIS,Minnesota Vikings
DUDIS,Atlanta Falcons
DUDIS,Dallas Cowboys
DUDIS,Seattle Seahawks
DUDIS,Philadelphia Eagles
DUDIS,Detroit Lions
DUDIS,San Francisco 49ers
JÃO,Cincinnati Bengals
JÃO,Jacksonville Jaguars
JÃO,Buffalo Bills
JÃO,Kansas City Chiefs
JÃO,Baltimore Ravens
JÃO,Los Angeles Chargers
JÃO,New York Jets
JÃO,Detroit Lions
JÃO,New Orleans Saints
JÃO,Philadelohia Eagles
JÃO,San Francisco 49ers
JÃO,Dallas Cowbovs
JÃO,Minnesota Vikinas
JÃO,Seattle Seahawks
NETO,Cincinnati Bengals
NETO,Jacksonville Jaguars
NETO,Buffalo Bills
NETO,Kansas City Chiefs
NETO,Baltimore Ravens
NETO,Los Angeles Chargers
NETO,Pittsburgh Steelers
NETO,Minnesota Vikings
NETO,New Orleans Saints
NETO,Philadelohia Eagles
NETO,San Francisco 49ers
NETO,Dallas Cowbovs
NETO,Detroit I ions
NETO,Seattle Seahawks
RAFO,Cincinnati Bengals
RAFO,Jacksonville Jaguars
RAFO,Buffalo Bills
RAFO,Kansas City Chiefs
RAFO,Baltimore Ravens
RAFO,Los Angeles Chargers
RAFO,New York Jets
RAFO,Detroit Lions
RAFO,New Orleans Saints
RAFO,Philadelohia Eagles
RAFO,San Francisco 49ers
RAFO,Dallas Cowboys
RAFO,Minnesota Vikings
RAFO,Seattle Seahawks
ROD,Pittsburgh Steelers
ROD,Indianapolis Colts
ROD,Miami Dolphins
ROD,Kansas City Chiefs
ROD,Cincinnati Bengals
ROD,Jacksonville Jaguars
ROD,New York Jets
ROD,Green Bay Packers
ROD,Tampa Bav Buccs
ROD,Philadelohia Eagles
ROD,Seattle Seahawks
ROD,New York Giants
ROD,Minnesota Vikinas
ROD,Washington Commanders